{
    "Hand_0008110.jpg": {
        "0": 498.1744986495,
        "1": -160.5964383238,
        "2": -27.1192231111,
        "3": -87.2948956018,
        "4": 10.2757049634,
        "5": -8.3298496585,
        "6": 23.4940526664,
        "7": 204.5899376008,
        "8": 17.6974212566,
        "9": -4.5033103862
    },
    "Hand_0008111.jpg": {
        "0": 383.8270789524,
        "1": -91.52120498,
        "2": -25.2687868442,
        "3": -103.1500645715,
        "4": -149.8558599336,
        "5": 21.3479292893,
        "6": 8.6963546532,
        "7": -70.5515807131,
        "8": -8.8906840868,
        "9": -15.1118761461
    },
    "Hand_0008128.jpg": {
        "0": 393.4962704087,
        "1": -120.3086295351,
        "2": 0.9972957994,
        "3": -98.8554625904,
        "4": -131.4556412553,
        "5": 36.7509062601,
        "6": 21.2853231287,
        "7": -74.9081125363,
        "8": -11.0255522177,
        "9": 1.5217940199
    },
    "Hand_0008129.jpg": {
        "0": 437.5832397315,
        "1": -91.6210124534,
        "2": -25.7462377008,
        "3": 104.4326036378,
        "4": 117.6433148598,
        "5": -30.3406105599,
        "6": -10.5248602776,
        "7": -48.8808679816,
        "8": -1.737661611,
        "9": 104.4328360457
    },
    "Hand_0008130.jpg": {
        "0": 423.3580912037,
        "1": -85.9545677048,
        "2": -35.2228546515,
        "3": 137.0282423671,
        "4": 159.526868917,
        "5": -42.2115430824,
        "6": -30.3745863419,
        "7": -57.6395629696,
        "8": 3.3348058673,
        "9": -88.5478894949
    },
    "Hand_0008662.jpg": {
        "0": -351.5170527013,
        "1": -163.3824021645,
        "2": -51.0094676166,
        "3": 52.3059318149,
        "4": -72.1985459986,
        "5": -101.8143840883,
        "6": -117.2998910052,
        "7": 13.6832142991,
        "8": 0.6091951296,
        "9": 3.743003525
    },
    "Hand_0008663.jpg": {
        "0": -363.4442878796,
        "1": -172.0549915889,
        "2": -30.9487088605,
        "3": 50.3112372235,
        "4": -66.4094905177,
        "5": -117.6294750669,
        "6": -84.4746480028,
        "7": 12.2542342419,
        "8": 12.1242652586,
        "9": 1.4283737017
    },
    "Hand_0008664.jpg": {
        "0": -342.4098720932,
        "1": -183.1760477873,
        "2": 204.6542511334,
        "3": 51.1889725085,
        "4": 6.5142394311,
        "5": -93.5000945209,
        "6": 205.4391296287,
        "7": -7.09350895,
        "8": -24.5745890474,
        "9": -4.0683326839
    },
    "Hand_0009001.jpg": {
        "0": -382.6217258237,
        "1": -170.8775627914,
        "2": -48.0073468351,
        "3": -133.5676002295,
        "4": 90.8952636368,
        "5": 117.0011506046,
        "6": -9.0924865068,
        "7": -17.0765662029,
        "8": 2.9096576866,
        "9": 0.823005938
    },
    "Hand_0009002.jpg": {
        "0": -390.3781756623,
        "1": -151.6397489881,
        "2": -64.0556880449,
        "3": -121.3627608423,
        "4": 95.2014500078,
        "5": 113.6698175252,
        "6": -8.2604408199,
        "7": -11.1783916858,
        "8": 1.3028800123,
        "9": 0.1905234013
    },
    "Hand_0009438.jpg": {
        "0": -83.601071202,
        "1": 33.9795169826,
        "2": 55.4770435414,
        "3": 303.7103903919,
        "4": -93.2111864241,
        "5": 191.8589130419,
        "6": 2.3838158707,
        "7": 38.2663366436,
        "8": 11.4824394765,
        "9": -1.2881190586
    },
    "Hand_0009439.jpg": {
        "0": -112.0770018981,
        "1": 289.6381707711,
        "2": -157.2989722136,
        "3": -9.5814224473,
        "4": -1.7420369012,
        "5": -32.35391939,
        "6": 51.8666912631,
        "7": 9.4803570434,
        "8": 1.6561082304,
        "9": -0.2408136228
    },
    "Hand_0009445.jpg": {
        "0": -67.7724718958,
        "1": 282.7258079373,
        "2": -160.5424213096,
        "3": -0.328424984,
        "4": -3.5542538534,
        "5": -21.7394824567,
        "6": 29.5912033315,
        "7": 3.3900906478,
        "8": -12.5554359633,
        "9": -0.932481339
    },
    "Hand_0009446.jpg": {
        "0": -76.7538166574,
        "1": 289.4899477421,
        "2": -168.8854953168,
        "3": -5.0091036256,
        "4": -5.7511137036,
        "5": -23.7243941793,
        "6": 37.4786888019,
        "7": 1.6927471062,
        "8": -11.8972729009,
        "9": 1.3175362667
    },
    "Hand_0009448.jpg": {
        "0": -2.7204728994,
        "1": 249.6410150648,
        "2": 251.7023654082,
        "3": -77.0346250115,
        "4": 13.3059115391,
        "5": -17.0995322552,
        "6": -27.2381908512,
        "7": -21.1687158471,
        "8": 132.1082509377,
        "9": 1.9410989497
    },
    "Hand_0011362.jpg": {
        "0": 36.8567697672,
        "1": 245.6581478193,
        "2": 281.2742466223,
        "3": -62.7930180398,
        "4": 30.8153752325,
        "5": 8.1145685371,
        "6": -92.9701555387,
        "7": 25.1403893036,
        "8": -112.5438280285,
        "9": -0.7053491166
    }
}